2019-02-23 12:04:32.209124;division by zero
2019-02-23 12:04:32.214462;division by zero
2019-02-23 12:04:32.217586;division by zero
2019-02-23 12:04:32.220665;division by zero
2019-02-23 12:04:32.223867;division by zero
2019-02-23 12:04:32.226873;division by zero
2019-02-23 12:04:32.232501;division by zero
2019-02-23 12:04:32.235593;division by zero
2019-02-23 12:04:32.238743;division by zero
2019-02-23 12:04:32.241884;division by zero
2019-02-23 12:04:32.245775;division by zero
2019-02-23 12:04:32.248680;division by zero
2019-02-23 12:04:32.249694;division by zero
2019-02-23 12:04:32.250580;division by zero
2019-02-23 12:04:32.251668;division by zero
2019-02-23 12:04:32.252616;division by zero
2019-02-23 12:04:32.253520;division by zero
2019-02-23 12:04:32.254475;division by zero
2019-02-23 12:04:32.255277;division by zero
2019-02-23 12:04:32.256026;division by zero
2019-02-23 12:04:32.256782;division by zero
2019-02-23 12:04:32.257575;division by zero
2019-02-23 12:04:32.258468;division by zero
2019-02-23 12:04:32.259308;division by zero
2019-02-23 12:04:32.260209;division by zero
2019-02-23 12:04:32.261182;division by zero
2019-02-23 12:04:32.262134;division by zero
2019-02-23 12:04:32.263113;division by zero
2019-02-23 12:04:32.264060;division by zero
2019-02-23 12:04:32.265045;division by zero
2019-02-23 12:04:32.266032;division by zero
2019-02-23 12:04:32.267461;division by zero
2019-02-23 12:04:32.268916;division by zero
2019-02-23 12:04:32.270439;division by zero
2019-02-23 12:04:32.272277;division by zero
2019-02-23 12:04:32.274152;division by zero
2019-02-23 12:04:32.275612;division by zero
2019-02-23 12:04:32.277135;division by zero
2019-02-23 12:04:32.278626;division by zero
2019-02-23 12:04:32.280847;division by zero
2019-02-23 12:04:32.283527;division by zero
2019-02-23 12:04:32.286427;division by zero
2019-02-23 12:04:32.287905;division by zero
2019-02-23 12:04:32.289345;division by zero
2019-02-23 12:04:32.291111;division by zero
2019-02-23 12:04:32.292562;division by zero
2019-02-23 12:04:32.293951;division by zero
2019-02-23 12:04:32.295453;division by zero
2019-02-23 12:04:32.297199;division by zero
2019-02-23 12:04:32.298668;division by zero
2019-02-23 12:04:32.300130;division by zero
2019-02-23 12:04:32.301694;division by zero
2019-02-23 12:04:32.303172;division by zero
2019-02-23 12:04:32.304678;division by zero
2019-02-23 12:04:32.307450;division by zero
2019-02-23 12:04:32.310691;division by zero
2019-02-23 12:04:32.312346;division by zero
2019-02-23 12:04:32.313866;division by zero
2019-02-23 12:04:32.315273;division by zero
2019-02-23 12:04:32.316692;division by zero
2019-02-23 12:04:32.318341;division by zero
2019-02-23 12:04:32.319920;division by zero
2019-02-23 12:04:32.321365;division by zero
2019-02-23 12:04:32.322834;division by zero
2019-02-23 12:04:32.324370;division by zero
2019-02-23 12:04:32.326764;division by zero
2019-02-23 12:04:32.328339;division by zero
2019-02-23 12:04:32.331209;division by zero
2019-02-23 12:04:32.334618;division by zero
2019-02-23 12:04:32.335986;division by zero
2019-02-23 12:04:32.337173;division by zero
2019-02-23 12:04:32.338395;division by zero
2019-02-23 12:04:32.339573;division by zero
2019-02-23 12:04:32.340704;division by zero
2019-02-23 12:04:32.341884;division by zero
2019-02-23 12:04:32.342853;division by zero
2019-02-23 12:04:32.344016;division by zero
2019-02-23 12:04:32.345197;division by zero
2019-02-23 12:04:32.346357;division by zero
2019-02-23 12:04:32.347529;division by zero
2019-02-23 12:04:32.348769;division by zero
2019-02-23 12:04:32.349965;division by zero
2019-02-23 12:04:32.351248;division by zero
2019-02-23 12:04:32.352675;division by zero
2019-02-23 12:04:32.354154;division by zero
2019-02-23 12:04:32.356086;division by zero
2019-02-23 12:04:32.357609;division by zero
2019-02-23 12:04:32.359364;division by zero
2019-02-23 12:04:32.361111;division by zero
2019-02-23 12:04:32.362919;division by zero
2019-02-23 12:04:32.365114;division by zero
2019-02-23 12:04:32.367601;division by zero
2019-02-23 12:04:32.370683;division by zero
2019-02-23 12:04:32.372444;division by zero
2019-02-23 12:04:32.374269;division by zero
2019-02-23 12:04:32.376260;division by zero
2019-02-23 12:04:32.377596;division by zero
2019-02-23 12:04:32.379185;division by zero
2019-02-23 12:04:32.380588;division by zero
2019-02-23 12:04:32.382055;division by zero
2019-02-23 12:04:32.383721;division by zero
2019-02-23 12:04:32.386077;division by zero
2019-02-23 12:04:32.388810;division by zero
2019-02-23 12:04:32.390158;division by zero
2019-02-23 12:04:32.391729;division by zero
2019-02-23 12:04:32.393264;division by zero
2019-02-23 12:04:32.394545;division by zero
2019-02-23 12:04:32.396108;division by zero
2019-02-23 12:04:32.397523;division by zero
2019-02-23 12:04:32.398894;division by zero
2019-02-23 12:04:32.400509;division by zero
2019-02-23 12:04:32.402853;division by zero
2019-02-23 12:04:32.405687;division by zero
2019-02-23 12:04:32.407028;division by zero
2019-02-23 12:04:32.408268;division by zero
2019-02-23 12:04:32.409839;division by zero
2019-02-23 12:04:32.411195;division by zero
2019-02-23 12:04:32.412731;division by zero
2019-02-23 12:04:32.414364;division by zero
2019-02-23 12:04:32.416430;division by zero
2019-02-23 12:04:32.419238;division by zero
2019-02-23 12:04:32.421724;division by zero
2019-02-23 12:04:32.424798;division by zero
2019-02-23 12:04:32.426405;division by zero
2019-02-23 12:04:32.428207;division by zero
2019-02-23 12:04:32.430223;division by zero
2019-02-23 12:04:32.432005;division by zero
2019-02-23 12:04:32.433702;division by zero
2019-02-23 12:04:32.435260;division by zero
2019-02-23 12:04:32.436695;division by zero
2019-02-23 12:04:32.438400;division by zero
2019-02-23 12:04:32.440072;division by zero
2019-02-23 12:04:32.441925;division by zero
2019-02-23 12:04:32.443407;division by zero
2019-02-23 12:04:32.445359;division by zero
2019-02-23 12:04:32.447971;division by zero
2019-02-23 12:04:32.451602;division by zero
2019-02-23 12:04:32.453289;division by zero
2019-02-23 12:04:32.454732;division by zero
2019-02-23 12:04:32.456546;division by zero
2019-02-23 12:04:32.458005;division by zero
2019-02-23 12:04:32.459358;division by zero
2019-02-23 12:04:32.461213;division by zero
2019-02-23 12:04:32.462799;division by zero
2019-02-23 12:04:32.464253;division by zero
2019-02-23 12:04:32.465873;division by zero
2019-02-23 12:04:32.467780;division by zero
2019-02-23 12:04:32.470831;division by zero
2019-02-23 12:04:32.473921;division by zero
2019-02-23 12:04:32.475336;division by zero
2019-02-23 12:04:32.476331;division by zero
2019-02-23 12:04:32.477633;division by zero
2019-02-23 12:04:32.479093;division by zero
2019-02-23 12:04:32.481062;division by zero
2019-02-23 12:04:32.482548;division by zero
2019-02-23 12:04:32.484411;division by zero
2019-02-23 12:04:32.485982;division by zero
2019-02-23 12:04:32.487521;division by zero
2019-02-23 12:04:32.489035;division by zero
2019-02-23 12:04:32.490637;division by zero
2019-02-23 12:04:32.493591;division by zero
2019-02-23 12:04:32.496957;division by zero
2019-02-23 12:04:32.498442;division by zero
2019-02-23 12:04:32.499871;division by zero
2019-02-23 12:04:32.501832;division by zero
2019-02-23 12:04:32.503249;division by zero
2019-02-23 12:04:32.504784;division by zero
2019-02-23 12:04:32.506587;division by zero
2019-02-23 12:04:32.508179;division by zero
2019-02-23 12:04:32.509671;division by zero
2019-02-23 12:04:32.511301;division by zero
2019-02-23 12:04:32.513810;division by zero
2019-02-23 12:04:32.517211;division by zero
2019-02-23 12:04:32.519098;division by zero
2019-02-23 12:04:32.520538;division by zero
2019-02-23 12:04:32.522239;division by zero
2019-02-23 12:04:32.523877;division by zero
2019-02-23 12:04:32.525298;division by zero
2019-02-23 12:04:32.527046;division by zero
2019-02-23 12:04:32.528577;division by zero
2019-02-23 12:04:32.530208;division by zero
2019-02-23 12:04:32.531716;division by zero
2019-02-23 12:04:32.533345;division by zero
2019-02-23 12:04:32.535996;division by zero
2019-02-23 12:04:32.539492;division by zero
2019-02-23 12:04:32.541091;division by zero
2019-02-23 12:04:32.542507;division by zero
2019-02-23 12:04:32.544394;division by zero
2019-02-23 12:04:32.545875;division by zero
2019-02-23 12:04:32.547763;division by zero
2019-02-23 12:04:32.549215;division by zero
2019-02-23 12:04:32.550811;division by zero
2019-02-23 12:04:32.552950;division by zero
2019-02-23 12:04:32.556281;division by zero
2019-02-23 12:04:32.558692;division by zero
2019-02-23 12:04:32.560139;division by zero
2019-02-23 12:04:32.562090;division by zero
2019-02-23 12:04:32.563546;division by zero
2019-02-23 12:04:32.565345;division by zero
2019-02-23 12:04:32.567024;division by zero
2019-02-23 12:04:32.568641;division by zero
2019-02-23 12:04:32.570595;division by zero
2019-02-23 12:04:32.573185;division by zero
2019-02-23 12:04:32.576148;division by zero
2019-02-23 12:04:32.578412;division by zero
2019-02-23 12:04:32.580210;division by zero
2019-02-23 12:04:32.582414;division by zero
2019-02-23 12:04:32.583705;division by zero
2019-02-23 12:04:32.585330;division by zero
2019-02-23 12:04:32.586834;division by zero
2019-02-23 12:04:32.588239;division by zero
2019-02-23 12:04:32.590039;division by zero
2019-02-23 12:04:32.592313;division by zero
2019-02-23 12:04:32.595170;division by zero
2019-02-23 12:04:32.596523;division by zero
2019-02-23 12:04:32.597894;division by zero
2019-02-23 12:04:32.599699;division by zero
2019-02-23 12:04:32.601037;division by zero
2019-02-23 12:04:32.602716;division by zero
2019-02-23 12:04:32.604169;division by zero
2019-02-23 12:04:32.605569;division by zero
2019-02-23 12:04:32.607523;division by zero
2019-02-23 12:04:32.610262;division by zero
2019-02-23 12:04:32.612335;division by zero
2019-02-23 12:04:32.613705;division by zero
2019-02-23 12:04:32.615212;division by zero
2019-02-23 12:04:32.616573;division by zero
2019-02-23 12:04:32.617950;division by zero
2019-02-23 12:04:32.619506;division by zero
2019-02-23 12:04:32.621026;division by zero
2019-02-23 12:04:32.622485;division by zero
2019-02-23 12:04:32.625307;division by zero
2019-02-23 12:04:32.628625;division by zero
2019-02-23 12:04:32.630931;division by zero
2019-02-23 12:04:32.632903;division by zero
2019-02-23 12:04:32.635279;division by zero
2019-02-23 12:04:32.637422;division by zero
2019-02-23 12:04:32.639506;division by zero
2019-02-23 12:04:32.641903;division by zero
2019-02-23 12:04:32.643989;division by zero
2019-02-23 12:04:32.646090;division by zero
2019-02-23 12:04:32.647793;division by zero
2019-02-23 12:04:32.649228;division by zero
2019-02-23 12:04:32.650958;division by zero
2019-02-23 12:04:32.653714;division by zero
2019-02-23 12:04:32.657346;division by zero
2019-02-23 12:04:32.658916;division by zero
2019-02-23 12:04:32.660250;division by zero
2019-02-23 12:04:32.661996;division by zero
2019-02-23 12:04:32.663925;division by zero
2019-02-23 12:04:32.665416;division by zero
2019-02-23 12:04:32.667301;division by zero
2019-02-23 12:04:32.668839;division by zero
2019-02-23 12:04:32.670606;division by zero
2019-02-23 12:04:32.672369;division by zero
2019-02-23 12:04:32.675217;division by zero
2019-02-23 12:04:32.678565;division by zero
2019-02-23 12:04:32.680310;division by zero
2019-02-23 12:04:32.681953;division by zero
2019-02-23 12:04:32.683847;division by zero
2019-02-23 12:04:32.685301;division by zero
2019-02-23 12:04:32.686898;division by zero
2019-02-23 12:04:32.688413;division by zero
2019-02-23 12:04:32.689990;division by zero
2019-02-23 12:04:32.691677;division by zero
2019-02-23 12:04:32.693542;division by zero
2019-02-23 12:04:32.696802;division by zero
2019-02-23 12:04:32.699538;division by zero
2019-02-23 12:04:32.701136;division by zero
2019-02-23 12:04:32.702721;division by zero
2019-02-23 12:04:32.704561;division by zero
2019-02-23 12:04:32.706047;division by zero
2019-02-23 12:04:32.707845;division by zero
2019-02-23 12:04:32.709363;division by zero
2019-02-23 12:04:32.719512;division by zero
2019-02-23 12:04:32.721422;division by zero
2019-02-23 12:04:32.722885;division by zero
2019-02-23 12:04:32.724632;division by zero
2019-02-23 12:04:32.726087;division by zero
2019-02-23 12:04:32.727604;division by zero
2019-02-23 12:04:32.729525;division by zero
2019-02-23 12:04:32.731212;division by zero
2019-02-23 12:04:32.732754;division by zero
2019-02-23 12:04:32.734350;division by zero
2019-02-23 12:04:32.737215;division by zero
2019-02-23 12:04:32.740603;division by zero
2019-02-23 12:04:32.742300;division by zero
2019-02-23 12:04:32.743636;division by zero
2019-02-23 12:04:32.745580;division by zero
2019-02-23 12:04:32.747110;division by zero
2019-02-23 12:04:32.748737;division by zero
2019-02-23 12:04:32.750490;division by zero
2019-02-23 12:04:32.752136;division by zero
2019-02-23 12:04:32.753747;division by zero
2019-02-23 12:04:32.755659;division by zero
2019-02-23 12:04:32.758411;division by zero
2019-02-23 12:04:32.760770;division by zero
2019-02-23 12:04:32.762367;division by zero
2019-02-23 12:04:32.763914;division by zero
2019-02-23 12:04:32.765779;division by zero
2019-02-23 12:04:32.767256;division by zero
2019-02-23 12:04:32.768993;division by zero
2019-02-23 12:04:32.770552;division by zero
2019-02-23 12:04:32.772085;division by zero
2019-02-23 12:04:32.773640;division by zero
2019-02-23 12:04:32.776100;division by zero
2019-02-23 12:04:32.779122;division by zero
2019-02-23 12:04:32.780650;division by zero
2019-02-23 12:04:32.782199;division by zero
2019-02-23 12:04:32.783926;division by zero
2019-02-23 12:04:32.785379;division by zero
2019-02-23 12:04:32.786993;division by zero
2019-02-23 12:04:32.788921;division by zero
2019-02-23 12:04:32.790550;division by zero
2019-02-23 12:04:32.792059;division by zero
2019-02-23 12:04:32.793245;division by zero
2019-02-23 12:04:32.796162;division by zero
2019-02-23 12:04:32.799303;division by zero
2019-02-23 12:04:32.800969;division by zero
2019-02-23 12:04:32.802904;division by zero
2019-02-23 12:04:32.804836;division by zero
2019-02-23 12:04:32.806653;division by zero
2019-02-23 12:04:32.808547;division by zero
2019-02-23 12:04:32.810088;division by zero
2019-02-23 12:04:32.811552;division by zero
2019-02-23 12:04:32.812948;division by zero
2019-02-23 12:04:32.814419;division by zero
2019-02-23 12:04:32.817122;division by zero
2019-02-23 12:04:32.819858;division by zero
2019-02-23 12:04:32.821299;division by zero
2019-02-23 12:04:32.822547;division by zero
2019-02-23 12:04:32.824212;division by zero
2019-02-23 12:04:32.825503;division by zero
2019-02-23 12:04:32.826960;division by zero
2019-02-23 12:04:32.828533;division by zero
2019-02-23 12:04:32.829902;division by zero
2019-02-23 12:04:32.831354;division by zero
2019-02-23 12:04:32.832962;division by zero
2019-02-23 12:04:32.835414;division by zero
2019-02-23 12:04:32.838351;division by zero
2019-02-23 12:04:32.839702;division by zero
2019-02-23 12:04:32.841047;division by zero
2019-02-23 12:04:32.842652;division by zero
2019-02-23 12:04:32.843887;division by zero
2019-02-23 12:04:32.845680;division by zero
2019-02-23 12:04:32.847334;division by zero
2019-02-23 12:04:32.849284;division by zero
2019-02-23 12:04:32.851944;division by zero
2019-02-23 12:04:32.854100;division by zero
2019-02-23 12:04:32.855732;division by zero
2019-02-23 12:04:32.857318;division by zero
2019-02-23 12:04:32.858905;division by zero
2019-02-23 12:04:32.861420;division by zero
2019-02-23 12:04:32.865354;division by zero
2019-02-23 12:04:32.867897;division by zero
2019-02-23 12:04:32.869495;division by zero
2019-02-23 12:04:32.871456;division by zero
2019-02-23 12:04:32.872982;division by zero
2019-02-23 12:04:32.874815;division by zero
2019-02-23 12:04:32.876283;division by zero
2019-02-23 12:04:32.877740;division by zero
2019-02-23 12:04:32.879297;division by zero
2019-02-23 12:04:32.880951;division by zero
2019-02-23 12:04:32.883081;division by zero
2019-02-23 12:04:32.884776;division by zero
2019-02-23 12:04:32.887634;division by zero
2019-02-23 12:04:32.891205;division by zero
2019-02-23 12:04:32.892717;division by zero
2019-02-23 12:04:32.894124;division by zero
2019-02-23 12:04:32.896020;division by zero
2019-02-23 12:04:32.897434;division by zero
2019-02-23 12:04:32.898889;division by zero
2019-02-23 12:04:32.900464;division by zero
2019-02-23 12:04:32.902221;division by zero
2019-02-23 12:04:32.903901;division by zero
2019-02-23 12:04:32.905244;division by zero
2019-02-23 12:04:32.906829;division by zero
2019-02-23 12:04:32.908188;division by zero
2019-02-23 12:04:32.909109;division by zero
2019-02-23 12:04:32.910106;division by zero
2019-02-23 12:04:32.911533;division by zero
2019-02-23 12:04:32.913576;division by zero
2019-02-23 12:04:32.916812;division by zero
2019-02-23 12:04:32.919365;division by zero
2019-02-23 12:04:32.921033;division by zero
2019-02-23 12:04:32.922745;division by zero
2019-02-23 12:04:32.924417;division by zero
2019-02-23 12:04:32.925981;division by zero
2019-02-23 12:04:32.927673;division by zero
2019-02-23 12:04:32.929395;division by zero
2019-02-23 12:04:32.931220;division by zero
2019-02-23 12:04:32.933539;division by zero
2019-02-23 12:04:32.936615;division by zero
2019-02-23 12:04:32.938693;division by zero
2019-02-23 12:04:32.940566;division by zero
2019-02-23 12:04:32.942304;division by zero
2019-02-23 12:04:32.944255;division by zero
2019-02-23 12:04:32.945583;division by zero
2019-02-23 12:04:32.947161;division by zero
2019-02-23 12:04:32.948581;division by zero
2019-02-23 12:04:32.950005;division by zero
2019-02-23 12:04:32.952146;division by zero
2019-02-23 12:04:32.955190;division by zero
2019-02-23 12:04:32.956938;division by zero
2019-02-23 12:04:32.958227;division by zero
2019-02-23 12:04:32.959634;division by zero
2019-02-23 12:04:32.961052;division by zero
2019-02-23 12:04:32.962611;division by zero
2019-02-23 12:04:32.964233;division by zero
2019-02-23 12:04:32.965673;division by zero
2019-02-23 12:04:32.967078;division by zero
2019-02-23 12:04:32.969370;division by zero
2019-02-23 12:04:32.972702;division by zero
2019-02-23 12:04:32.974178;division by zero
2019-02-23 12:04:32.975732;division by zero
2019-02-23 12:04:32.977414;division by zero
2019-02-23 12:04:32.978736;division by zero
2019-02-23 12:04:32.980374;division by zero
2019-02-23 12:04:32.981972;division by zero
2019-02-23 12:04:32.983524;division by zero
2019-02-23 12:04:32.985039;division by zero
2019-02-23 12:04:32.988049;division by zero
2019-02-23 12:04:32.991154;division by zero
2019-02-23 12:04:32.993574;division by zero
2019-02-23 12:04:32.995784;division by zero
2019-02-23 12:04:32.997820;division by zero
2019-02-23 12:04:32.999957;division by zero
2019-02-23 12:04:33.002003;division by zero
2019-02-23 12:04:33.004196;division by zero
2019-02-23 12:04:33.006505;division by zero
2019-02-23 12:04:33.008370;division by zero
2019-02-23 12:04:33.009857;division by zero
2019-02-23 12:04:33.011421;division by zero
2019-02-23 12:04:33.013877;division by zero
2019-02-23 12:04:33.017383;division by zero
2019-02-23 12:04:33.019525;division by zero
2019-02-23 12:04:33.021244;division by zero
2019-02-23 12:04:33.022697;division by zero
2019-02-23 12:04:33.024634;division by zero
2019-02-23 12:04:33.025984;division by zero
2019-02-23 12:04:33.027399;division by zero
2019-02-23 12:04:33.029359;division by zero
2019-02-23 12:04:33.030979;division by zero
2019-02-23 12:04:33.032698;division by zero
2019-02-23 12:04:33.034280;division by zero
2019-02-23 12:04:33.036030;division by zero
2019-02-23 12:04:33.039048;division by zero
2019-02-23 12:04:33.042251;division by zero
2019-02-23 12:04:33.043675;division by zero
2019-02-23 12:04:33.045110;division by zero
2019-02-23 12:04:33.046672;division by zero
2019-02-23 12:04:33.048346;division by zero
2019-02-23 12:04:33.049474;division by zero
2019-02-23 12:04:33.050843;division by zero
2019-02-23 12:04:33.052370;division by zero
2019-02-23 12:04:33.054342;division by zero
2019-02-23 12:04:33.056074;division by zero
2019-02-23 12:04:33.057658;division by zero
2019-02-23 12:04:33.059343;division by zero
2019-02-23 12:04:33.062240;division by zero
2019-02-23 12:04:33.065604;division by zero
2019-02-23 12:04:33.067125;division by zero
2019-02-23 12:04:33.068606;division by zero
2019-02-23 12:04:33.070526;division by zero
2019-02-23 12:04:33.072229;division by zero
2019-02-23 12:04:33.073733;division by zero
2019-02-23 12:04:33.075522;division by zero
2019-02-23 12:04:33.077098;division by zero
2019-02-23 12:04:33.078636;division by zero
2019-02-23 12:04:33.080403;division by zero
2019-02-23 12:04:33.083187;division by zero
2019-02-23 12:04:33.085968;division by zero
2019-02-23 12:04:33.088304;division by zero
2019-02-23 12:04:33.089799;division by zero
2019-02-23 12:04:33.091409;division by zero
2019-02-23 12:04:33.093226;division by zero
2019-02-23 12:04:33.094668;division by zero
2019-02-23 12:04:33.096436;division by zero
2019-02-23 12:04:33.098138;division by zero
2019-02-23 12:04:33.099746;division by zero
2019-02-23 12:04:33.101532;division by zero
2019-02-23 12:04:33.103940;division by zero
2019-02-23 12:04:33.106831;division by zero
2019-02-23 12:04:33.109023;division by zero
2019-02-23 12:04:33.110606;division by zero
2019-02-23 12:04:33.111960;division by zero
2019-02-23 12:04:33.113081;division by zero
2019-02-23 12:04:33.114271;division by zero
2019-02-23 12:04:33.115507;division by zero
2019-02-23 12:04:33.117156;division by zero
2019-02-23 12:04:33.118649;division by zero
2019-02-23 12:04:33.120161;division by zero
2019-02-23 12:04:33.121939;division by zero
2019-02-23 12:04:33.123433;division by zero
2019-02-23 12:04:33.124984;division by zero
2019-02-23 12:04:33.126509;division by zero
2019-02-23 12:04:33.129232;division by zero
2019-02-23 12:04:33.132849;division by zero
2019-02-23 12:04:33.134588;division by zero
2019-02-23 12:04:33.136056;division by zero
2019-02-23 12:04:33.138101;division by zero
2019-02-23 12:04:33.139571;division by zero
2019-02-23 12:04:33.141659;division by zero
2019-02-23 12:04:33.143233;division by zero
2019-02-23 12:04:33.144907;division by zero
2019-02-23 12:04:33.147153;division by zero
2019-02-23 12:04:33.150130;division by zero
2019-02-23 12:04:33.152430;division by zero
2019-02-23 12:04:33.154284;division by zero
2019-02-23 12:04:33.156116;division by zero
2019-02-23 12:04:33.158458;division by zero
2019-02-23 12:04:33.159978;division by zero
2019-02-23 12:04:33.161680;division by zero
2019-02-23 12:04:33.163289;division by zero
2019-02-23 12:04:33.164727;division by zero
2019-02-23 12:04:33.166210;division by zero
2019-02-23 12:04:33.168725;division by zero
2019-02-23 12:04:33.171761;division by zero
2019-02-23 12:04:33.173301;division by zero
2019-02-23 12:04:33.174685;division by zero
2019-02-23 12:04:33.176170;division by zero
2019-02-23 12:04:33.177429;division by zero
2019-02-23 12:04:33.179064;division by zero
2019-02-23 12:04:33.180507;division by zero
2019-02-23 12:04:33.182336;division by zero
2019-02-23 12:04:33.184021;division by zero
2019-02-23 12:04:33.186473;division by zero
2019-02-23 12:04:33.189474;division by zero
2019-02-23 12:04:33.191008;division by zero
2019-02-23 12:04:33.192273;division by zero
2019-02-23 12:04:33.193941;division by zero
2019-02-23 12:04:33.195220;division by zero
2019-02-23 12:04:33.197168;division by zero
2019-02-23 12:04:33.198553;division by zero
2019-02-23 12:04:33.200203;division by zero
2019-02-23 12:04:33.201803;division by zero
2019-02-23 12:04:33.204575;division by zero
2019-02-23 12:04:33.207687;division by zero
2019-02-23 12:04:33.209115;division by zero
2019-02-23 12:04:33.210321;division by zero
2019-02-23 12:04:33.211667;division by zero
2019-02-23 12:04:33.212933;division by zero
2019-02-23 12:04:33.214382;division by zero
2019-02-23 12:04:33.215562;division by zero
2019-02-23 12:04:33.216857;division by zero
2019-02-23 12:04:33.218695;division by zero
2019-02-23 12:04:33.220852;division by zero
2019-02-23 12:04:33.223310;division by zero
2019-02-23 12:04:33.225155;division by zero
2019-02-23 12:04:33.227082;division by zero
2019-02-23 12:04:33.229271;division by zero
2019-02-23 12:04:33.231318;division by zero
2019-02-23 12:04:33.233302;division by zero
2019-02-23 12:04:33.235295;division by zero
2019-02-23 12:04:33.237864;division by zero
2019-02-23 12:04:33.240105;division by zero
2019-02-23 12:04:33.242660;division by zero
2019-02-23 12:04:33.246168;division by zero
2019-02-23 12:04:33.247733;division by zero
2019-02-23 12:04:33.249303;division by zero
2019-02-23 12:04:33.251138;division by zero
2019-02-23 12:04:33.253302;division by zero
2019-02-23 12:04:33.254946;division by zero
2019-02-23 12:04:33.257005;division by zero
2019-02-23 12:04:33.258664;division by zero
2019-02-23 12:04:33.260206;division by zero
2019-02-23 12:04:33.262043;division by zero
2019-02-23 12:04:33.264189;division by zero
2019-02-23 12:04:33.266641;division by zero
2019-02-23 12:04:33.269811;division by zero
2019-02-23 12:04:33.271495;division by zero
2019-02-23 12:04:33.273126;division by zero
2019-02-23 12:04:33.274612;division by zero
2019-02-23 12:04:33.276284;division by zero
2019-02-23 12:04:33.278234;division by zero
2019-02-23 12:04:33.280175;division by zero
2019-02-23 12:04:33.282223;division by zero
2019-02-23 12:04:33.283836;division by zero
2019-02-23 12:04:33.285733;division by zero
2019-02-23 12:04:33.288050;division by zero
2019-02-23 12:04:33.290328;division by zero
2019-02-23 12:04:33.293697;division by zero
2019-02-23 12:04:33.295291;division by zero
2019-02-23 12:04:33.296907;division by zero
2019-02-23 12:04:33.298726;division by zero
2019-02-23 12:04:33.300455;division by zero
2019-02-23 12:04:33.302295;division by zero
2019-02-23 12:04:33.303865;division by zero
2019-02-23 12:04:33.305932;division by zero
2019-02-23 12:04:33.308002;division by zero
2019-02-23 12:04:33.309494;division by zero
2019-02-23 12:04:33.311242;division by zero
2019-02-23 12:04:33.312904;division by zero
2019-02-23 12:04:33.314807;division by zero
2019-02-23 12:04:33.317201;division by zero
2019-02-23 12:04:33.320570;division by zero
2019-02-23 12:04:33.322191;division by zero
2019-02-23 12:04:33.323586;division by zero
2019-02-23 12:04:33.325076;division by zero
2019-02-23 12:04:33.327088;division by zero
2019-02-23 12:04:33.328655;division by zero
2019-02-23 12:04:33.330594;division by zero
2019-02-23 12:04:33.332460;division by zero
2019-02-23 12:04:33.334522;division by zero
2019-02-23 12:04:33.336381;division by zero
2019-02-23 12:04:33.338875;division by zero
2019-02-23 12:04:33.341258;division by zero
2019-02-23 12:04:33.343729;division by zero
2019-02-23 12:04:33.345362;division by zero
2019-02-23 12:04:33.346858;division by zero
2019-02-23 12:04:33.348388;division by zero
2019-02-23 12:04:33.349874;division by zero
2019-02-23 12:04:33.351277;division by zero
2019-02-23 12:04:33.352757;division by zero
2019-02-23 12:04:33.354460;division by zero
2019-02-23 12:04:33.356132;division by zero
2019-02-23 12:04:33.358221;division by zero
2019-02-23 12:04:33.360411;division by zero
2019-02-23 12:04:33.362651;division by zero
2019-02-23 12:04:33.364921;division by zero
2019-02-23 12:04:33.367512;division by zero
2019-02-23 12:04:33.369785;division by zero
2019-02-23 12:04:33.372061;division by zero
2019-02-23 12:04:33.374238;division by zero
2019-02-23 12:04:33.377497;division by zero
2019-02-23 12:04:33.379049;division by zero
2019-02-23 12:04:33.380678;division by zero
2019-02-23 12:04:33.382235;division by zero
2019-02-23 12:04:33.384190;division by zero
2019-02-23 12:04:33.385501;division by zero
2019-02-23 12:04:33.387399;division by zero
2019-02-23 12:04:33.389094;division by zero
2019-02-23 12:04:33.390792;division by zero
2019-02-23 12:04:33.392431;division by zero
2019-02-23 12:04:33.394625;division by zero
2019-02-23 12:04:33.397271;division by zero
2019-02-23 12:04:33.399122;division by zero
2019-02-23 12:04:33.400747;division by zero
2019-02-23 12:04:33.402273;division by zero
2019-02-23 12:04:33.404282;division by zero
2019-02-23 12:04:33.405689;division by zero
2019-02-23 12:04:33.407584;division by zero
2019-02-23 12:04:33.408992;division by zero
2019-02-23 12:04:33.411071;division by zero
2019-02-23 12:04:33.413301;division by zero
2019-02-23 12:04:33.415585;division by zero
2019-02-23 12:04:33.418491;division by zero
2019-02-23 12:04:33.419915;division by zero
2019-02-23 12:04:33.421463;division by zero
2019-02-23 12:04:33.422857;division by zero
2019-02-23 12:04:33.424208;division by zero
2019-02-23 12:04:33.425927;division by zero
2019-02-23 12:04:33.428148;division by zero
2019-02-23 12:04:33.430445;division by zero
2019-02-23 12:04:33.432190;division by zero
2019-02-23 12:04:33.433806;division by zero
2019-02-23 12:04:33.435588;division by zero
2019-02-23 12:04:33.437139;division by zero
2019-02-23 12:04:33.438619;division by zero
2019-02-23 12:04:33.439848;division by zero
2019-02-23 12:04:33.441108;division by zero
2019-02-23 12:04:33.442652;division by zero
2019-02-23 12:04:33.444277;division by zero
2019-02-23 12:04:33.445882;division by zero
2019-02-23 12:04:33.447838;division by zero
2019-02-23 12:04:33.450562;division by zero
2019-02-23 12:04:33.453816;division by zero
2019-02-23 12:04:33.455779;division by zero
2019-02-23 12:04:33.457471;division by zero
2019-02-23 12:04:33.458995;division by zero
2019-02-23 12:04:33.460658;division by zero
2019-02-23 12:04:33.462493;division by zero
2019-02-23 12:04:33.464308;division by zero
2019-02-23 12:04:33.466041;division by zero
2019-02-23 12:04:33.467721;division by zero
2019-02-23 12:04:33.469401;division by zero
2019-02-23 12:04:33.471303;division by zero
2019-02-23 12:04:33.472911;division by zero
2019-02-23 12:04:33.474580;division by zero
2019-02-23 12:04:33.476093;division by zero
2019-02-23 12:04:33.477778;division by zero
2019-02-23 12:04:33.481000;division by zero
2019-02-23 12:04:33.484553;division by zero
2019-02-23 12:04:33.486022;division by zero
2019-02-23 12:04:33.487280;division by zero
2019-02-23 12:04:33.488697;division by zero
2019-02-23 12:04:33.490162;division by zero
2019-02-23 12:04:33.491782;division by zero
2019-02-23 12:04:33.493251;division by zero
2019-02-23 12:04:33.494754;division by zero
2019-02-23 12:04:33.496280;division by zero
2019-02-23 12:04:33.498070;division by zero
2019-02-23 12:04:33.499658;division by zero
2019-02-23 12:04:33.501285;division by zero
2019-02-23 12:04:33.504224;division by zero
2019-02-23 12:04:33.507731;division by zero
2019-02-23 12:04:33.509455;division by zero
2019-02-23 12:04:33.510992;division by zero
2019-02-23 12:04:33.512508;division by zero
2019-02-23 12:04:33.514173;division by zero
2019-02-23 12:04:33.515746;division by zero
2019-02-23 12:04:33.517292;division by zero
2019-02-23 12:04:33.518836;division by zero
2019-02-23 12:04:33.520574;division by zero
2019-02-23 12:04:33.522377;division by zero
2019-02-23 12:04:33.523959;division by zero
2019-02-23 12:04:33.525698;division by zero
2019-02-23 12:04:33.527264;division by zero
2019-02-23 12:04:33.530486;division by zero
2019-02-23 12:04:33.533681;division by zero
2019-02-23 12:04:33.535396;division by zero
2019-02-23 12:04:33.537671;division by zero
2019-02-23 12:04:33.540016;division by zero
2019-02-23 12:04:33.542116;division by zero
2019-02-23 12:04:33.544390;division by zero
2019-02-23 12:04:33.545840;division by zero
2019-02-23 12:04:33.547231;division by zero
2019-02-23 12:04:33.548976;division by zero
2019-02-23 12:04:33.550823;division by zero
2019-02-23 12:04:33.553794;division by zero
2019-02-23 12:04:33.556747;division by zero
2019-02-23 12:04:33.558599;division by zero
2019-02-23 12:04:33.560420;division by zero
2019-02-23 12:04:33.562725;division by zero
2019-02-23 12:04:33.564532;division by zero
2019-02-23 12:04:33.566303;division by zero
2019-02-23 12:04:33.567738;division by zero
2019-02-23 12:04:33.569356;division by zero
2019-02-23 12:04:33.570947;division by zero
2019-02-23 12:04:33.573822;division by zero
2019-02-23 12:04:33.576618;division by zero
2019-02-23 12:04:33.578154;division by zero
2019-02-23 12:04:33.579760;division by zero
2019-02-23 12:04:33.581556;division by zero
2019-02-23 12:04:33.583072;division by zero
2019-02-23 12:04:33.584690;division by zero
2019-02-23 12:04:33.586314;division by zero
2019-02-23 12:04:33.587813;division by zero
2019-02-23 12:04:33.589691;division by zero
2019-02-23 12:04:33.592904;division by zero
2019-02-23 12:04:33.596189;division by zero
2019-02-23 12:04:33.597602;division by zero
2019-02-23 12:04:33.599098;division by zero
2019-02-23 12:04:33.601282;division by zero
2019-02-23 12:04:33.602616;division by zero
2019-02-23 12:04:33.603824;division by zero
2019-02-23 12:04:33.605173;division by zero
2019-02-23 12:04:33.606368;division by zero
2019-02-23 12:04:33.607620;division by zero
2019-02-23 12:04:33.608997;division by zero
2019-02-23 12:04:33.610103;division by zero
2019-02-23 12:04:33.611761;division by zero
2019-02-23 12:04:33.613103;division by zero
2019-02-23 12:04:33.614904;division by zero
2019-02-23 12:04:33.616416;division by zero
2019-02-23 12:04:33.618197;division by zero
2019-02-23 12:04:33.620059;division by zero
2019-02-23 12:04:33.623015;division by zero
2019-02-23 12:04:33.625981;division by zero
2019-02-23 12:04:33.627520;division by zero
2019-02-23 12:04:33.628892;division by zero
2019-02-23 12:04:33.630733;division by zero
2019-02-23 12:04:33.632859;division by zero
2019-02-23 12:04:33.634509;division by zero
2019-02-23 12:04:33.636640;division by zero
2019-02-23 12:04:33.638326;division by zero
2019-02-23 12:04:33.639881;division by zero
2019-02-23 12:04:33.641560;division by zero
2019-02-23 12:04:33.643776;division by zero
2019-02-23 12:04:33.646081;division by zero
2019-02-23 12:04:33.648259;division by zero
2019-02-23 12:04:33.649591;division by zero
2019-02-23 12:04:33.650819;division by zero
2019-02-23 12:04:33.652383;division by zero
2019-02-23 12:04:33.653850;division by zero
2019-02-23 12:04:33.655376;division by zero
2019-02-23 12:04:33.657070;division by zero
2019-02-23 12:04:33.658547;division by zero
2019-02-23 12:04:33.659962;division by zero
2019-02-23 12:04:33.661691;division by zero
2019-02-23 12:04:33.663218;division by zero
2019-02-23 12:04:33.664983;division by zero
2019-02-23 12:04:33.666669;division by zero
2019-02-23 12:04:33.668253;division by zero
2019-02-23 12:04:33.671313;division by zero
2019-02-23 12:04:33.674945;division by zero
2019-02-23 12:04:33.676461;division by zero
2019-02-23 12:04:33.678504;division by zero
2019-02-23 12:04:33.680580;division by zero
2019-02-23 12:04:33.682873;division by zero
2019-02-23 12:04:33.684511;division by zero
2019-02-23 12:04:33.686437;division by zero
2019-02-23 12:04:33.688257;division by zero
2019-02-23 12:04:33.689686;division by zero
2019-02-23 12:04:33.691946;division by zero
2019-02-23 12:04:33.693434;division by zero
2019-02-23 12:04:33.695337;division by zero
2019-02-23 12:04:33.697025;division by zero
2019-02-23 12:04:33.699604;division by zero
2019-02-23 12:04:33.702827;division by zero
2019-02-23 12:04:33.705357;division by zero
2019-02-23 12:04:33.707029;division by zero
2019-02-23 12:04:33.708527;division by zero
2019-02-23 12:04:33.709901;division by zero
2019-02-23 12:04:33.711657;division by zero
2019-02-23 12:04:33.713025;division by zero
2019-02-23 12:04:33.714631;division by zero
2019-02-23 12:04:33.716418;division by zero
2019-02-23 12:04:33.718165;division by zero
2019-02-23 12:04:33.720165;division by zero
2019-02-23 12:04:33.722732;division by zero
2019-02-23 12:04:33.724300;division by zero
2019-02-23 12:04:33.725903;division by zero
2019-02-23 12:04:33.727577;division by zero
2019-02-23 12:04:33.729214;division by zero
2019-02-23 12:04:33.730992;division by zero
2019-02-23 12:04:33.732757;division by zero
2019-02-23 12:04:33.791573;division by zero
2019-02-23 12:04:33.794349;division by zero
2019-02-23 12:04:33.797044;division by zero
2019-02-23 12:04:33.799708;division by zero
2019-02-23 12:04:33.801819;division by zero
2019-02-23 12:04:33.803541;division by zero
2019-02-23 12:04:33.805315;division by zero
2019-02-23 12:04:33.806957;division by zero
2019-02-23 12:04:33.808616;division by zero
2019-02-23 12:04:33.810105;division by zero
2019-02-23 12:04:33.812317;division by zero
2019-02-23 12:04:33.814614;division by zero
2019-02-23 12:04:33.816298;division by zero
2019-02-23 12:04:33.818068;division by zero
2019-02-23 12:04:33.819777;division by zero
2019-02-23 12:04:33.821453;division by zero
2019-02-23 12:04:33.824324;division by zero
2019-02-23 12:04:33.828229;division by zero
2019-02-23 12:04:33.830192;division by zero
2019-02-23 12:04:33.831796;division by zero
2019-02-23 12:04:33.833390;division by zero
2019-02-23 12:04:33.834922;division by zero
2019-02-23 12:04:33.837021;division by zero
2019-02-23 12:04:33.838764;division by zero
2019-02-23 12:04:33.840399;division by zero
2019-02-23 12:04:33.842248;division by zero
2019-02-23 12:04:33.844421;division by zero
2019-02-23 12:04:33.846576;division by zero
2019-02-23 12:04:33.848761;division by zero
2019-02-23 12:04:33.850346;division by zero
2019-02-23 12:04:33.860966;division by zero
2019-02-23 12:04:33.862343;division by zero
2019-02-23 12:04:33.863493;division by zero
2019-02-23 12:04:33.865220;division by zero
2019-02-23 12:04:33.867434;division by zero
2019-02-23 12:04:33.868658;division by zero
2019-02-23 12:04:33.869883;division by zero
2019-02-23 12:04:33.871246;division by zero
2019-02-23 12:04:33.872568;division by zero
2019-02-23 12:04:33.875399;division by zero
2019-02-23 12:04:33.878314;division by zero
2019-02-23 12:04:33.880487;division by zero
2019-02-23 12:04:33.881717;division by zero
2019-02-23 12:04:33.883027;division by zero
2019-02-23 12:04:33.884209;division by zero
2019-02-23 12:04:33.885587;division by zero
2019-02-23 12:04:33.888042;division by zero
2019-02-23 12:04:33.889195;division by zero
2019-02-23 12:04:33.890508;division by zero
2019-02-23 12:04:33.892142;division by zero
2019-02-23 12:04:33.893926;division by zero
2019-02-23 12:04:33.895240;division by zero
2019-02-23 12:04:33.896518;division by zero
2019-02-23 12:04:33.898074;division by zero
2019-02-23 12:04:33.902289;division by zero
2019-02-23 12:04:33.904475;division by zero
2019-02-23 12:04:33.905663;division by zero
2019-02-23 12:04:33.906710;division by zero
2019-02-23 12:04:33.907990;division by zero
2019-02-23 12:04:33.909185;division by zero
2019-02-23 12:04:33.910074;division by zero
2019-02-23 12:04:33.911421;division by zero
2019-02-23 12:04:33.912523;division by zero
2019-02-23 12:04:33.913661;division by zero
2019-02-23 12:04:33.915277;division by zero
2019-02-23 12:04:33.916488;division by zero
2019-02-23 12:04:33.918681;division by zero
2019-02-23 12:04:33.919815;division by zero
2019-02-23 12:04:33.921175;division by zero
2019-02-23 12:04:33.922572;division by zero
2019-02-23 12:04:33.925005;division by zero
2019-02-23 12:04:33.929081;division by zero
2019-02-23 12:04:33.930442;division by zero
2019-02-23 12:04:33.931732;division by zero
2019-02-23 12:04:33.932894;division by zero
2019-02-23 12:04:33.934112;division by zero
2019-02-23 12:04:33.935591;division by zero
2019-02-23 12:04:33.936718;division by zero
2019-02-23 12:04:33.938533;division by zero
2019-02-23 12:04:33.940654;division by zero
2019-02-23 12:04:33.942237;division by zero
2019-02-23 12:04:33.943854;division by zero
2019-02-23 12:04:33.945812;division by zero
2019-02-23 12:04:33.948554;division by zero
2019-02-23 12:04:33.951648;division by zero
2019-02-23 12:04:33.952977;division by zero
2019-02-23 12:04:33.954059;division by zero
2019-02-23 12:04:33.956305;division by zero
2019-02-23 12:04:33.959013;division by zero
2019-02-23 12:04:33.960415;division by zero
2019-02-23 12:04:34.022009;division by zero
2019-02-23 12:04:34.023150;division by zero
2019-02-23 12:04:34.024348;division by zero
2019-02-23 12:04:34.025498;division by zero
2019-02-23 12:04:34.026609;division by zero
2019-02-23 12:04:34.027956;division by zero
2019-02-23 12:04:34.029573;division by zero
2019-02-23 12:04:34.030625;division by zero
2019-02-23 12:04:34.031854;division by zero
2019-02-23 12:04:34.032910;division by zero
2019-02-23 12:04:34.033928;division by zero
2019-02-23 12:04:34.035888;division by zero
2019-02-23 12:04:34.037903;division by zero
2019-02-23 12:04:34.040939;division by zero
2019-02-23 12:04:34.042284;division by zero
2019-02-23 12:04:34.043410;division by zero
2019-02-23 12:04:34.044623;division by zero
2019-02-23 12:04:34.045841;division by zero
2019-02-23 12:04:34.047278;division by zero
2019-02-23 12:04:34.048538;division by zero
2019-02-23 12:04:34.049855;division by zero
2019-02-23 12:04:34.051737;division by zero
2019-02-23 12:04:34.053203;division by zero
2019-02-23 12:04:34.054850;division by zero
2019-02-23 12:04:34.057534;division by zero
2019-02-23 12:04:34.059117;division by zero
2019-02-23 12:04:34.061817;division by zero
2019-02-23 12:04:34.065115;division by zero
2019-02-23 12:04:34.066909;division by zero
2019-02-23 12:04:34.068435;division by zero
2019-02-23 12:04:34.184534;division by zero
2019-02-23 12:04:34.185695;division by zero
2019-02-23 12:04:34.186890;division by zero
2019-02-23 12:04:34.188081;division by zero
2019-02-23 12:04:34.190289;division by zero
2019-02-23 12:04:34.191723;division by zero
2019-02-23 12:04:34.192980;division by zero
2019-02-23 12:04:34.194254;division by zero
2019-02-23 12:04:34.201688;division by zero
2019-02-23 12:04:34.202905;division by zero
2019-02-23 12:04:34.204998;division by zero
2019-02-23 12:04:34.206192;division by zero
2019-02-23 12:04:34.208359;division by zero
2019-02-23 12:04:34.209565;division by zero
2019-02-23 12:04:34.210800;division by zero
2019-02-23 12:04:34.212341;division by zero
2019-02-23 12:04:34.218858;division by zero
2019-02-23 12:04:34.220166;division by zero
2019-02-23 12:04:34.221544;division by zero
2019-02-23 12:04:34.223450;division by zero
2019-02-23 12:04:34.225044;division by zero
2019-02-23 12:04:34.226321;division by zero
2019-02-23 12:04:34.227690;division by zero
2019-02-23 12:04:34.231220;division by zero
2019-02-23 12:04:34.235075;division by zero
2019-02-23 12:04:34.236409;division by zero
2019-02-23 12:04:34.237866;division by zero
2019-02-23 12:04:34.239471;division by zero
2019-02-23 12:04:34.240921;division by zero
2019-02-23 12:04:34.243116;division by zero
2019-02-23 12:04:34.244475;division by zero
2019-02-23 12:04:34.245940;division by zero
2019-02-23 12:04:34.247601;division by zero
2019-02-23 12:04:34.250202;division by zero
2019-02-23 12:04:34.254304;division by zero
2019-02-23 12:04:34.255761;division by zero
2019-02-23 12:04:34.257060;division by zero
2019-02-23 12:04:34.258964;division by zero
2019-02-23 12:04:34.260844;division by zero
2019-02-23 12:04:34.262552;division by zero
2019-02-23 12:04:34.263977;division by zero
2019-02-23 12:04:34.265840;division by zero
2019-02-23 12:04:34.267217;division by zero
2019-02-23 12:04:34.269621;division by zero
2019-02-23 12:04:34.273426;division by zero
2019-02-23 12:04:34.274762;division by zero
2019-02-23 12:04:34.276399;division by zero
2019-02-23 12:04:34.278000;division by zero
2019-02-23 12:04:34.279452;division by zero
2019-02-23 12:04:34.280839;division by zero
2019-02-23 12:04:34.291234;division by zero
2019-02-23 12:04:34.292839;division by zero
2019-02-23 12:04:34.294343;division by zero
2019-02-23 12:04:34.295955;division by zero
2019-02-23 12:04:34.297327;division by zero
2019-02-23 12:04:34.299204;division by zero
2019-02-23 12:04:34.300852;division by zero
2019-02-23 12:04:34.302568;division by zero
2019-02-23 12:04:34.304275;division by zero
2019-02-23 12:04:34.307091;division by zero
2019-02-23 12:04:34.310239;division by zero
2019-02-23 12:04:34.311826;division by zero
2019-02-23 12:04:34.313340;division by zero
2019-02-23 12:04:34.315215;division by zero
2019-02-23 12:04:34.317052;division by zero
2019-02-23 12:04:34.319252;division by zero
2019-02-23 12:04:34.321502;division by zero
2019-02-23 12:04:34.323514;division by zero
2019-02-23 12:04:34.325997;division by zero
2019-02-23 12:04:34.329159;division by zero
2019-02-23 12:04:34.330783;division by zero
2019-02-23 12:04:34.332196;division by zero
2019-02-23 12:04:34.333610;division by zero
2019-02-23 12:04:34.335030;division by zero
2019-02-23 12:04:34.336320;division by zero
2019-02-23 12:04:34.337897;division by zero
2019-02-23 12:04:34.339363;division by zero
2019-02-23 12:04:34.340825;division by zero
2019-02-23 12:04:34.342888;division by zero
2019-02-23 12:04:34.346031;division by zero
2019-02-23 12:04:34.347723;division by zero
2019-02-23 12:04:34.349074;division by zero
2019-02-23 12:04:34.350385;division by zero
2019-02-23 12:04:34.352054;division by zero
2019-02-23 12:04:34.353369;division by zero
2019-02-23 12:04:34.354935;division by zero
2019-02-23 12:04:34.356401;division by zero
2019-02-23 12:04:34.357882;division by zero
2019-02-23 12:04:34.359311;division by zero
2019-02-23 12:04:34.361963;division by zero
2019-02-23 12:04:34.400698;division by zero
2019-02-23 12:04:34.401919;division by zero
2019-02-23 12:04:34.402800;division by zero
2019-02-23 12:04:34.403828;division by zero
2019-02-23 12:04:34.404688;division by zero
2019-02-23 12:04:34.405479;division by zero
2019-02-23 12:04:34.406296;division by zero
2019-02-23 12:04:34.407118;division by zero
2019-02-23 12:04:34.407917;division by zero
2019-02-23 12:04:34.408823;division by zero
2019-02-23 12:04:34.409845;division by zero
2019-02-23 12:04:34.411154;division by zero
2019-02-23 12:04:34.412385;division by zero
2019-02-23 12:04:34.413732;division by zero
2019-02-23 12:04:34.415372;division by zero
2019-02-23 12:04:34.416660;division by zero
2019-02-23 12:04:34.417974;division by zero
2019-02-23 12:04:34.419756;division by zero
2019-02-23 12:04:34.422222;division by zero
2019-02-23 12:04:34.424923;division by zero
2019-02-23 12:04:34.426251;division by zero
2019-02-23 12:04:34.427453;division by zero
2019-02-23 12:04:34.428728;division by zero
2019-02-23 12:04:34.429882;division by zero
2019-02-23 12:04:34.431297;division by zero
2019-02-23 12:04:34.432721;division by zero
2019-02-23 12:04:34.434348;division by zero
2019-02-23 12:04:34.435753;division by zero
2019-02-23 12:04:34.436893;division by zero
2019-02-23 12:04:34.438154;division by zero
2019-02-23 12:04:34.530078;division by zero
2019-02-23 12:04:34.531363;division by zero
2019-02-23 12:04:34.532668;division by zero
2019-02-23 12:04:34.534517;division by zero
2019-02-23 12:04:34.536541;division by zero
2019-02-23 12:04:34.538439;division by zero
2019-02-23 12:04:34.540317;division by zero
2019-02-23 12:04:34.542329;division by zero
2019-02-23 12:04:34.543764;division by zero
2019-02-23 12:04:34.545795;division by zero
2019-02-23 12:04:34.547821;division by zero
2019-02-23 12:04:34.549780;division by zero
2019-02-23 12:04:34.562202;division by zero
2019-02-23 12:04:34.564111;division by zero
2019-02-23 12:04:34.565634;division by zero
2019-02-23 12:04:34.568034;division by zero
2019-02-23 12:04:34.570836;division by zero
2019-02-23 12:04:34.572608;division by zero
2019-02-23 12:04:34.573862;division by zero
2019-02-23 12:04:34.575013;division by zero
2019-02-23 12:04:34.577664;division by zero
2019-02-23 12:04:34.579157;division by zero
2019-02-23 12:04:34.581473;division by zero
2019-02-23 12:04:34.583089;division by zero
2019-02-23 12:04:34.584701;division by zero
2019-02-23 12:04:34.586271;division by zero
2019-02-23 12:04:34.587877;division by zero
2019-02-23 12:04:34.589736;division by zero
2019-02-23 12:04:34.592221;division by zero
2019-02-23 12:04:34.595155;division by zero
2019-02-23 12:04:34.596944;division by zero
2019-02-23 12:04:34.598647;division by zero
2019-02-23 12:04:34.600726;division by zero
2019-02-23 12:04:34.602089;division by zero
2019-02-23 12:04:34.603718;division by zero
2019-02-23 12:04:34.605131;division by zero
2019-02-23 12:04:34.606583;division by zero
2019-02-23 12:04:34.609166;division by zero
2019-02-23 12:04:34.612326;division by zero
2019-02-23 12:04:34.613744;division by zero
2019-02-23 12:04:34.614656;division by zero
2019-02-23 12:04:34.615552;division by zero
2019-02-23 12:04:34.616431;division by zero
2019-02-23 12:04:34.617282;division by zero
2019-02-23 12:04:34.618155;division by zero
2019-02-23 12:04:34.618996;division by zero
2019-02-23 12:04:34.619888;division by zero
2019-02-23 12:04:34.620799;division by zero
2019-02-23 12:04:34.621930;division by zero
2019-02-23 12:04:34.622952;division by zero
2019-02-23 12:04:34.623810;division by zero
2019-02-23 12:04:34.624750;division by zero
2019-02-23 12:04:34.625626;division by zero
2019-02-23 12:04:34.626435;division by zero
2019-02-23 12:04:34.627312;division by zero
2019-02-23 12:04:34.628151;division by zero
2019-02-23 12:04:34.629176;division by zero
2019-02-23 12:04:34.637655;division by zero
2019-02-23 12:04:34.639201;division by zero
2019-02-23 12:04:34.640582;division by zero
